번호	번역	이유
17269	【카일】후훗‥‥‥‥영차.	어색한 말
17290	【마코토】마코토. (‥‥거‥거짓말‥‥‥이름 따위 말 안 할 거야‥‥.)	うそ — 오역(어째서)
17358	【마코토】이제 알 따위 됐어. 나는 레이코랑 그쪽 세계로 가 버릴 거야.	あっちに走る — 어색한 말
17365	【카일】왠지, 엄청난 고함 소리가 들려서, 뭔가 했더니‥‥.	雄叫び — 함성 어색
17368	【마코토】따, 딱히‥‥.	別に — 14887과 통일
17375	【마코토】말이야 쉽지, 뭐든 갖다 붙일 수 있으니까.	口は重宝 — 어색한 말
17378	【카일】그 까불이를 감싸는 거냐.	お調子者 = 까불이(통일)
17381	【마코토】하지 말아 줘.	やめて頂戴 — 오역(봐줘)
17396	【실비아】아, 이즈미 씨.{n00}무슨 일이에요?	やぁ — 인사(야 어색)
17416	【실비아】네, 예정보다 １시간쯤 일찍 도착해 버렸어요.	말투 섞임(응/요)
17426	【마코토】(정말, 여전히 나가면 함흥차사인 사람이네‥‥.)	鉄砲玉 — 한국어 관용 표현
17436	【남자】괜찮으시다고요?　아, 그럼 상관없지만요‥‥.	어색한 말
17450	【남자】필요하시면‥‥아, 괜찮으세요?	어색한 말
17474	【마코토】(젊지만, 부족함 없이 일을 해내는 여자야‥‥)	若い — 어리지만 어색
17475	【마코토】(여자라고 하기엔 좀 너무 사내 같으려나?)	어색한 말
17543	【마코토】그 사람 버릇이야. 금방 돌아올 리가 없어.	手 — 수법 어색
